PID,reconstruction_error
1060577,2.5648448
1069285,2.4175951
1057644,2.120304
1067855,1.7968345
1040453,1.6753211
1046829,1.6168439
1094231,1.4782987
1025716,1.347398
1011696,1.2906165
1019533,1.1166657
1015377,1.0295249
1074157,0.9873577
1016890,0.86642337
1050464,0.81327313
1079457,0.7596401
1094429,0.72782403
1097234,0.71392083
1073272,0.7010985
1055909,0.5751679
1064528,0.5701392
