PID,reconstruction_error
1060577,2.5648448
1069285,2.4175951
1057644,2.120304
1067855,1.7968345
1040453,1.6753211
1046829,1.6168439
1094231,1.4782987
1025716,1.347398
1011696,1.2906165
1019533,1.1166657
