PID,reconstruction_error
1069285,0.80849785
1097234,0.72090036
1011696,0.65512407
1079813,0.65190804
1004007,0.6313268
1057644,0.6020837
1025716,0.57445276
1072991,0.53431684
1064528,0.5015784
1033544,0.4966365
1053513,0.49572563
1018708,0.48864937
1040453,0.45620844
1002688,0.4236282
1033769,0.4166799
1094429,0.41318634
1079457,0.41178095
1042391,0.39555666
1067759,0.38869494
1016890,0.37434518
